reviews.doRecommend,polarity,reviews.rating
-1.0,-0.10555555555555557,1.0
-1.0,0.0,2.0
1.0,0.18333333333333326,5.0
-1.0,0.5785714285714286,5.0
1.0,0.65,4.0
-1.0,0.6,5.0
1.0,0.06666666666666668,5.0
-1.0,0.1375,3.0
1.0,0.35000000000000003,5.0
-1.0,0.0,3.0
-1.0,-0.34,3.0
-1.0,-0.3916666666666667,3.0
1.0,0.9,5.0
-1.0,-0.006666666666666659,2.0
1.0,0.0,5.0
-1.0,0.21666666666666665,3.0
-1.0,0.2619047619047619,3.0
-1.0,-0.1238095238095238,1.0
-1.0,0.02106782106782105,4.0
1.0,0.8,5.0
-1.0,-0.2916666666666667,3.0
1.0,0.371875,5.0
-1.0,0.4833333333333333,3.0
1.0,0.2,5.0
1.0,0.75,5.0
1.0,0.5444444444444444,5.0
1.0,0.475,5.0
1.0,0.75,5.0
1.0,0.5,5.0
1.0,0.5833333333333333,4.0
-1.0,0.15363636363636365,3.0
1.0,0.18333333333333326,4.0
-1.0,-0.09196428571428568,3.0
-1.0,0.15000000000000002,3.0
1.0,0.8,5.0
-1.0,0.033333333333333326,3.0
-1.0,0.15350877192982454,2.0
-1.0,0.4,3.0
1.0,0.5333333333333333,5.0
-1.0,0.26666666666666666,3.0
-1.0,0.2285714285714286,3.0
-1.0,0.5,3.0
-1.0,0.0,3.0
-1.0,0.0,4.0
1.0,0.2833333333333333,5.0
-1.0,0.22000000000000006,3.0
1.0,0.4428571428571429,5.0
-1.0,-0.75,4.0
1.0,0.4833333333333333,4.0
1.0,0.43333333333333335,5.0
1.0,0.5337500000000001,5.0
1.0,0.4083333333333333,5.0
-1.0,0.03571428571428571,2.0
1.0,0.6,5.0
-1.0,0.4166666666666667,3.0
-1.0,0.25,3.0
-1.0,0.8,3.0
1.0,0.4483333333333333,5.0
-1.0,0.3095959595959596,3.0
-1.0,0.325,1.0
1.0,0.65,5.0
1.0,0.0,5.0
-1.0,-0.125,2.0
-1.0,-0.009374999999999994,3.0
-1.0,0.08666666666666667,3.0
1.0,0.55,5.0
-1.0,-0.4,1.0
-1.0,0.0,1.0
-1.0,0.01613756613756613,3.0
1.0,0.65,5.0
1.0,0.8,5.0
-1.0,0.5249999999999999,3.0
1.0,0.4440559440559441,5.0
-1.0,-0.08333333333333331,1.0
1.0,0.2833333333333333,4.0
1.0,0.5866666666666667,5.0
-1.0,0.004166666666666653,3.0
1.0,1.0,5.0
-1.0,-0.03333333333333333,1.0
1.0,0.5,5.0
1.0,0.4,5.0
1.0,0.775,5.0
-1.0,-0.30000000000000004,3.0
-1.0,0.06944444444444445,2.0
1.0,0.75,5.0
-1.0,0.26666666666666666,2.0
1.0,0.8,5.0
1.0,0.0,5.0
-1.0,-0.033333333333333326,3.0
1.0,0.5428571428571429,5.0
-1.0,0.15666666666666668,3.0
-1.0,0.03125,1.0
-1.0,-0.07499999999999997,3.0
-1.0,-0.14236111111111113,3.0
1.0,0.475,5.0
-1.0,0.3,4.0
1.0,0.6,5.0
1.0,0.5875,4.0
-1.0,0.2055555555555556,1.0
-1.0,-0.3628571428571428,4.0
-1.0,-0.045833333333333344,3.0
1.0,0.575,5.0
-1.0,0.5,3.0
-1.0,-0.06666666666666668,1.0
1.0,0.7,3.0
1.0,0.30999999999999994,5.0
1.0,0.7999999999999999,5.0
1.0,0.20909090909090905,5.0
1.0,0.5666666666666667,5.0
-1.0,0.4444444444444444,3.0
1.0,0.4756944444444445,5.0
1.0,0.28750000000000003,4.0
-1.0,0.0,2.0
1.0,0.3333333333333333,5.0
-1.0,-0.025467032967032968,2.0
-1.0,0.25,3.0
-1.0,0.13749999999999996,3.0
-1.0,0.0,3.0
-1.0,0.0,2.0
-1.0,0.2140873015873016,4.0
-1.0,0.1556818181818182,3.0
1.0,0.65,5.0
1.0,0.8,5.0
1.0,0.0,5.0
-1.0,-0.21428571428571427,1.0
-1.0,0.5416666666666667,1.0
1.0,0.3614583333333333,5.0
-1.0,0.025,3.0
1.0,0.5800000000000001,5.0
-1.0,0.435,2.0
1.0,0.6333333333333333,5.0
-1.0,0.1929292929292929,3.0
1.0,0.4112925170068028,5.0
-1.0,-0.14583333333333334,2.0
-1.0,0.359090909090909,2.0
-1.0,0.3072727272727273,2.0
-1.0,-0.1111111111111111,1.0
-1.0,0.0902777777777778,3.0
-1.0,0.4375,4.0
-1.0,0.45,3.0
1.0,-0.1,5.0
1.0,0.28,4.0
-1.0,0.1555555555555556,1.0
1.0,0.375,4.0
1.0,0.428125,4.0
-1.0,0.06944444444444442,3.0
1.0,0.5666666666666668,5.0
1.0,0.38,5.0
-1.0,-0.1,2.0
-1.0,0.2291666666666667,2.0
-1.0,0.11031746031746033,1.0
-1.0,0.375,2.0
1.0,0.43333333333333335,5.0
-1.0,0.5,3.0
1.0,0.43333333333333335,5.0
1.0,0.8,5.0
-1.0,-0.15,2.0
-1.0,-0.45,2.0
1.0,0.8666666666666667,5.0
-1.0,-0.26388888888888884,3.0
1.0,0.42,5.0
1.0,0.2566666666666667,4.0
1.0,0.4565656565656566,4.0
1.0,0.08333333333333333,5.0
1.0,0.32916666666666666,5.0
1.0,0.5,5.0
-1.0,0.1,3.0
-1.0,0.7,3.0
-1.0,0.0,2.0
-1.0,-0.35,1.0
1.0,0.5833333333333334,5.0
-1.0,0.4,3.0
-1.0,0.2416666666666667,3.0
1.0,0.8,5.0
-1.0,0.3333333333333333,4.0
1.0,0.8,5.0
1.0,0.5666666666666668,5.0
1.0,0.378125,4.0
1.0,0.4800000000000001,5.0
-1.0,0.125,1.0
1.0,0.029166666666666674,5.0
-1.0,0.2277210884353741,3.0
1.0,-0.035,4.0
-1.0,0.4400000000000001,3.0
-1.0,0.13214285714285715,1.0
1.0,0.5333333333333333,5.0
1.0,0.18068181818181814,5.0
-1.0,0.225,3.0
1.0,0.4807291666666668,5.0
1.0,0.3666666666666667,5.0
1.0,0.09523809523809523,5.0
1.0,0.8,5.0
-1.0,-0.6,1.0
-1.0,0.4,3.0
-1.0,0.35714285714285715,3.0
-1.0,0.3075,3.0
-1.0,0.38,3.0
1.0,0.6000000000000001,5.0
-1.0,0.2333333333333333,3.0
-1.0,0.18714285714285714,1.0
-1.0,0.0,1.0
1.0,0.175,4.0
-1.0,0.2875,3.0
-1.0,0.36666666666666653,3.0
-1.0,0.3125,3.0
1.0,0.2745454545454545,5.0
1.0,0.3210884353741497,5.0
1.0,0.23333333333333334,5.0
-1.0,0.5,1.0
1.0,0.35,5.0
1.0,0.45,5.0
-1.0,0.6,2.0
-1.0,0.17708333333333334,2.0
-1.0,0.3061568061568061,3.0
1.0,0.4900000000000001,4.0
1.0,0.06,4.0
1.0,0.6,5.0
-1.0,0.2357142857142857,4.0
1.0,0.8,5.0
-1.0,0.1761904761904762,1.0
-1.0,0.05,4.0
1.0,0.5166666666666667,5.0
1.0,0.25,4.0
-1.0,0.05352564102564104,1.0
-1.0,0.7,2.0
-1.0,0.3640316700843017,2.0
1.0,0.7000000000000001,5.0
1.0,0.4305555555555557,5.0
-1.0,-0.25,2.0
-1.0,0.0,2.0
1.0,0.2552083333333333,4.0
-1.0,0.18541666666666665,3.0
-1.0,-0.4333333333333333,3.0
-1.0,-0.08333333333333331,3.0
-1.0,0.13634672619047614,2.0
-1.0,-0.26666666666666666,1.0
-1.0,0.08,4.0
1.0,0.403125,4.0
-1.0,0.2677489177489177,2.0
1.0,0.4836734693877552,5.0
-1.0,0.4,1.0
-1.0,0.055555555555555546,2.0
-1.0,-0.020833333333333343,3.0
1.0,0.54,4.0
1.0,0.65,5.0
-1.0,0.4,4.0
-1.0,0.54,5.0
1.0,0.4816666666666666,5.0
-1.0,0.18166666666666667,3.0
1.0,0.4400000000000001,5.0
1.0,0.3,5.0
1.0,0.65,5.0
1.0,0.6666666666666666,5.0
1.0,0.4681818181818182,5.0
1.0,0.4066666666666666,5.0
1.0,0.4428571428571429,5.0
1.0,0.5,5.0
-1.0,0.2929292929292929,3.0
-1.0,0.2722222222222222,1.0
1.0,0.14444444444444446,5.0
1.0,0.32,4.0
-1.0,0.65,5.0
-1.0,0.08333333333333333,3.0
1.0,0.5,5.0
1.0,0.3372727272727273,5.0
-1.0,-0.051388888888888914,1.0
-1.0,0.45,1.0
1.0,0.37777777777777777,5.0
-1.0,0.5,3.0
1.0,0.3611111111111112,5.0
1.0,0.4333333333333333,3.0
1.0,0.5111111111111112,4.0
1.0,0.4111111111111112,5.0
1.0,0.2,5.0
-1.0,0.4833333333333333,1.0
-1.0,0.2,1.0
-1.0,0.3875,2.0
1.0,0.5687500000000001,5.0
-1.0,0.5791666666666666,3.0
1.0,0.48,5.0
-1.0,-0.2333333333333333,1.0
-1.0,0.19039682539682545,2.0
-1.0,0.25,5.0
1.0,0.7,5.0
1.0,0.8,5.0
-1.0,0.2,5.0
1.0,-0.17499999999999993,4.0
1.0,0.43333333333333335,4.0
1.0,0.5833333333333333,5.0
-1.0,0.30999999999999994,2.0
-1.0,0.2466666666666667,1.0
1.0,0.65,4.0
1.0,-0.05000000000000001,5.0
1.0,0.5964285714285715,4.0
1.0,0.6,4.0
1.0,0.7,4.0
1.0,0.3,5.0
-1.0,0.3428571428571429,4.0
1.0,0.6999999999999998,5.0
-1.0,0.5666666666666667,4.0
1.0,0.22083333333333333,5.0
-1.0,-0.0625,2.0
1.0,0.21666666666666667,5.0
-1.0,0.6,2.0
-1.0,0.4,2.0
-1.0,0.225,4.0
1.0,0.625,5.0
1.0,0.3,3.0
1.0,0.5,5.0
1.0,0.5,5.0
1.0,0.375,5.0
-1.0,0.32,3.0
-1.0,0.7,4.0
-1.0,0.4,2.0
-1.0,0.07750000000000003,3.0
-1.0,0.5933333333333334,5.0
1.0,0.4791666666666667,5.0
1.0,0.303125,4.0
1.0,0.3803921568627451,5.0
1.0,0.0,5.0
-1.0,0.37777777777777777,3.0
-1.0,0.0,2.0
1.0,0.8,4.0
-1.0,0.033333333333333326,1.0
-1.0,0.30625,3.0
1.0,0.51,4.0
-1.0,0.6,2.0
-1.0,0.24074074074074076,3.0
-1.0,5.551115123125783e-17,3.0
-1.0,0.453125,3.0
-1.0,0.0,2.0
-1.0,-0.0875,3.0
1.0,0.3181818181818182,4.0
1.0,0.75,5.0
1.0,0.6,5.0
-1.0,0.32857142857142857,3.0
1.0,0.6166666666666667,4.0
1.0,0.5333333333333333,5.0
-1.0,0.2090909090909091,2.0
1.0,0.8,5.0
-1.0,0.056666666666666685,4.0
-1.0,0.5333333333333333,3.0
-1.0,0.3857142857142857,3.0
-1.0,0.4678571428571428,2.0
-1.0,0.0,1.0
-1.0,-0.5,2.0
1.0,0.4202777777777778,5.0
-1.0,0.05310606060606062,1.0
1.0,0.2777777777777778,5.0
1.0,0.5833333333333334,5.0
1.0,0.15333333333333332,4.0
-1.0,0.18253968253968256,3.0
-1.0,0.2,3.0
-1.0,0.32857142857142857,1.0
-1.0,0.13512396694214876,1.0
1.0,0.275,5.0
1.0,0.275,5.0
-1.0,0.012500000000000013,1.0
-1.0,0.13035714285714284,1.0
1.0,0.13333333333333333,4.0
1.0,0.7333333333333334,5.0
-1.0,0.22000000000000006,1.0
1.0,0.8666666666666667,5.0
1.0,-0.09375,5.0
-1.0,0.5,3.0
-1.0,0.3833333333333333,2.0
-1.0,0.7,2.0
-1.0,0.25,3.0
-1.0,-0.1322916666666667,2.0
1.0,0.33333333333333337,5.0
-1.0,0.5466666666666666,4.0
1.0,0.3,5.0
-1.0,0.5,3.0
-1.0,0.33333333333333337,4.0
-1.0,0.4,1.0
1.0,0.4,5.0
1.0,-0.024999999999999998,5.0
1.0,0.6166666666666667,4.0
1.0,0.5,5.0
1.0,0.5,5.0
-1.0,-0.06999999999999998,2.0
1.0,0.5,5.0
-1.0,0.0,1.0
-1.0,0.4666666666666666,3.0
1.0,0.2358974358974359,5.0
1.0,0.4,5.0
1.0,0.06666666666666668,5.0
1.0,0.7666666666666666,5.0
1.0,0.15972222222222224,5.0
-1.0,-0.32,4.0
1.0,0.2926997245179063,5.0
-1.0,0.0,1.0
1.0,0.3520833333333333,5.0
-1.0,-0.024999999999999998,5.0
-1.0,0.2611111111111111,3.0
1.0,0.4833333333333333,5.0
-1.0,0.0,3.0
1.0,0.75,5.0
1.0,0.48,5.0
1.0,0.21875,4.0
-1.0,0.3958333333333333,3.0
1.0,0.5416666666666667,5.0
-1.0,0.047619047619047616,3.0
1.0,0.22777777777777775,5.0
-1.0,0.35,2.0
1.0,0.6,5.0
1.0,-0.054999999999999966,5.0
1.0,0.10656565656565656,3.0
-1.0,0.28125,2.0
-1.0,0.14100378787878787,4.0
-1.0,0.3428571428571429,3.0
-1.0,0.35,3.0
-1.0,0.35714285714285715,2.0
-1.0,-0.15000000000000002,1.0
1.0,0.35666666666666663,5.0
-1.0,0.08750000000000001,3.0
1.0,0.4666666666666666,5.0
-1.0,-0.125,1.0
1.0,0.4625,5.0
-1.0,0.2571428571428572,3.0
-1.0,0.3934065934065935,3.0
1.0,0.37,4.0
1.0,0.2,4.0
1.0,0.8,5.0
1.0,0.13095238095238096,4.0
1.0,0.21212121212121213,5.0
-1.0,0.225,2.0
1.0,0.4666666666666666,4.0
1.0,0.7000000000000001,5.0
-1.0,0.18,1.0
-1.0,0.4,2.0
-1.0,0.4,2.0
-1.0,0.09583333333333333,1.0
-1.0,0.26666666666666666,3.0
1.0,0.7166666666666667,5.0
1.0,0.4,5.0
-1.0,0.16714285714285718,1.0
1.0,0.15138888888888888,4.0
1.0,0.5,4.0
1.0,0.4163690476190476,5.0
1.0,0.3,5.0
1.0,0.6,5.0
-1.0,-0.06111111111111112,2.0
1.0,0.2148148148148148,5.0
1.0,0.8,5.0
1.0,0.4388888888888889,5.0
1.0,0.5,5.0
1.0,0.0,5.0
1.0,0.2933333333333333,5.0
1.0,0.3333333333333333,4.0
-1.0,0.4,2.0
1.0,0.8,4.0
-1.0,0.3666666666666667,5.0
1.0,0.8,5.0
1.0,0.2481481481481481,5.0
-1.0,-0.1,3.0
1.0,0.5666666666666667,5.0
-1.0,0.14489795918367346,3.0
1.0,0.31666666666666665,4.0
1.0,0.3,5.0
1.0,0.8,5.0
-1.0,0.6,4.0
1.0,0.21666666666666667,4.0
1.0,-1.8503717077085938e-17,5.0
1.0,0.44,5.0
1.0,0.4425000000000001,5.0
1.0,0.54,5.0
-1.0,0.04494949494949494,2.0
-1.0,0.0,1.0
1.0,0.0,4.0
1.0,0.3727272727272728,4.0
1.0,0.6111111111111112,5.0
1.0,0.8,4.0
1.0,0.5333333333333333,5.0
-1.0,0.4916666666666666,5.0
-1.0,0.65,4.0
1.0,0.275,5.0
1.0,-0.25,4.0
-1.0,0.2393939393939394,2.0
1.0,0.4166666666666667,4.0
-1.0,0.2,2.0
1.0,0.20606060606060608,5.0
-1.0,0.1,2.0
1.0,0.7,4.0
1.0,0.340625,4.0
1.0,0.6,5.0
1.0,0.8,5.0
1.0,0.5,5.0
1.0,0.25833333333333336,5.0
-1.0,0.04,2.0
-1.0,0.7,3.0
1.0,0.35,5.0
1.0,0.11190476190476192,4.0
1.0,0.3875,5.0
1.0,0.7666666666666668,5.0
1.0,0.5125,5.0
-1.0,0.2,3.0
-1.0,0.33333333333333337,5.0
1.0,0.1839285714285714,5.0
-1.0,0.0,2.0
-1.0,-0.65,1.0
-1.0,0.225,1.0
-1.0,0.15833333333333333,3.0
1.0,0.21666666666666665,4.0
1.0,0.7,5.0
-1.0,0.0,2.0
1.0,0.35714285714285715,4.0
1.0,0.65,5.0
-1.0,0.5,3.0
1.0,0.3672727272727273,4.0
1.0,0.425,5.0
1.0,0.5833333333333334,5.0
1.0,0.11250000000000003,4.0
-1.0,0.2927083333333334,3.0
-1.0,-0.375,2.0
-1.0,1.0,1.0
1.0,1.0,5.0
1.0,0.4111111111111112,5.0
-1.0,0.07222222222222227,2.0
-1.0,-0.15000000000000002,3.0
1.0,0.0,5.0
1.0,0.5458333333333334,5.0
-1.0,-0.5,3.0
-1.0,0.18571428571428567,3.0
1.0,0.62,5.0
-1.0,0.6499999999999999,4.0
1.0,0.0,5.0
-1.0,0.45,4.0
1.0,0.5,5.0
-1.0,0.3333333333333333,5.0
1.0,0.43333333333333335,4.0
-1.0,0.13884297520661154,1.0
1.0,0.275,3.0
1.0,0.35,4.0
1.0,0.4214285714285714,5.0
-1.0,-0.3,1.0
-1.0,0.18333333333333332,1.0
-1.0,-0.2,2.0
1.0,1.0,5.0
-1.0,-0.11250000000000003,3.0
-1.0,0.30000000000000004,3.0
-1.0,-0.09999999999999992,2.0
1.0,0.4322222222222223,5.0
-1.0,0.2333333333333333,1.0
1.0,0.4,5.0
1.0,0.65,5.0
1.0,0.4066666666666666,5.0
1.0,0.3565656565656566,5.0
-1.0,0.55,2.0
-1.0,0.5,4.0
1.0,0.7666666666666666,5.0
1.0,0.5375,5.0
-1.0,0.34,3.0
-1.0,0.43333333333333335,3.0
-1.0,0.13749999999999998,2.0
-1.0,0.14828643578643574,3.0
-1.0,-0.46,1.0
-1.0,0.14494949494949494,3.0
1.0,0.2,3.0
-1.0,0.026289682539682543,1.0
1.0,0.425,5.0
1.0,0.2358333333333333,5.0
-1.0,0.4666666666666666,3.0
-1.0,0.3863636363636364,3.0
-1.0,0.8,3.0
1.0,0.45,5.0
1.0,0.4600000000000001,5.0
-1.0,0.2438988095238095,2.0
-1.0,-0.125,1.0
-1.0,0.0,3.0
1.0,0.3787878787878787,5.0
1.0,0.34069264069264066,5.0
1.0,0.6111111111111109,4.0
-1.0,-0.11309523809523807,1.0
-1.0,0.3333333333333333,1.0
-1.0,0.3375,4.0
1.0,0.8000000000000002,5.0
1.0,0.6444444444444445,5.0
-1.0,-0.19583333333333333,1.0
1.0,0.32,5.0
1.0,0.2930871212121212,5.0
1.0,0.25,5.0
-1.0,0.2055555555555556,3.0
-1.0,0.325,3.0
1.0,0.15333333333333332,4.0
1.0,0.5833333333333334,4.0
1.0,0.2020833333333333,5.0
-1.0,0.14949494949494951,4.0
-1.0,0.25,3.0
1.0,0.3,5.0
1.0,0.45,4.0
-1.0,0.011111111111111118,1.0
-1.0,0.11889880952380953,3.0
-1.0,-0.15,1.0
-1.0,-0.11875,3.0
1.0,0.375,5.0
1.0,0.39,4.0
1.0,0.3,4.0
1.0,0.2393939393939394,4.0
1.0,0.8,5.0
-1.0,0.5,3.0
-1.0,0.24722222222222226,3.0
-1.0,0.21785714285714286,3.0
1.0,0.5666666666666668,5.0
-1.0,0.03333333333333335,1.0
1.0,0.4140625,4.0
1.0,0.5,5.0
-1.0,-0.25,2.0
1.0,0.2,4.0
-1.0,-0.475,1.0
-1.0,0.2270833333333333,3.0
1.0,0.5666666666666668,5.0
1.0,0.0,5.0
-1.0,-0.15000000000000002,3.0
1.0,0.2520833333333333,4.0
1.0,0.31666666666666665,4.0
-1.0,0.14732142857142858,3.0
1.0,0.6666666666666666,5.0
-1.0,0.10333333333333336,4.0
1.0,0.23571428571428574,5.0
1.0,0.8,4.0
-1.0,-0.125,1.0
1.0,0.2782828282828283,4.0
-1.0,0.37222222222222223,3.0
1.0,1.0,5.0
1.0,0.4666666666666666,5.0
1.0,0.05606060606060608,4.0
1.0,0.7,5.0
1.0,0.5,5.0
-1.0,0.2,3.0
1.0,0.2111111111111111,5.0
1.0,0.75,5.0
1.0,0.2466666666666667,5.0
-1.0,0.36607142857142855,3.0
-1.0,0.1625,1.0
1.0,0.8,5.0
-1.0,0.8,3.0
-1.0,-0.012499999999999995,1.0
-1.0,0.25,3.0
1.0,0.2479166666666667,5.0
1.0,0.8,4.0
-1.0,0.0,3.0
1.0,0.13333333333333333,3.0
1.0,0.4305555555555556,4.0
1.0,0.8,5.0
1.0,0.5499999999999999,5.0
1.0,0.32,5.0
-1.0,-0.19375,2.0
-1.0,0.08333333333333334,2.0
-1.0,0.15625,4.0
-1.0,0.05297619047619048,1.0
1.0,0.4625,5.0
1.0,0.5,5.0
-1.0,0.5875,3.0
1.0,-0.08333333333333333,4.0
-1.0,-0.039583333333333325,1.0
-1.0,0.7,2.0
-1.0,0.25,2.0
-1.0,0.14583333333333334,1.0
1.0,0.1,3.0
1.0,0.22354497354497355,4.0
-1.0,0.4916666666666666,5.0
-1.0,-0.08750000000000001,3.0
-1.0,0.5166666666666666,4.0
-1.0,-0.06712962962962964,1.0
1.0,0.15208333333333335,4.0
1.0,0.365625,4.0
-1.0,0.0,3.0
1.0,0.20416666666666666,5.0
1.0,0.5,5.0
-1.0,0.5083333333333333,3.0
-1.0,0.8,2.0
-1.0,0.3333333333333333,3.0
-1.0,0.04999999999999999,2.0
-1.0,0.1,1.0
-1.0,0.2902777777777777,3.0
-1.0,0.06818181818181818,2.0
-1.0,0.0,1.0
-1.0,0.45,3.0
-1.0,0.35000000000000003,2.0
-1.0,0.0,5.0
1.0,0.35000000000000003,5.0
1.0,0.0,4.0
1.0,0.75,4.0
-1.0,0.2708333333333333,1.0
1.0,0.4366666666666667,4.0
1.0,0.3583333333333333,4.0
1.0,0.16666666666666666,5.0
1.0,0.45,5.0
1.0,0.8,4.0
1.0,0.30277777777777776,5.0
1.0,0.35,5.0
1.0,0.4041666666666667,5.0
-1.0,0.3625,3.0
-1.0,0.0193452380952381,1.0
1.0,0.3875,4.0
1.0,0.14285714285714288,5.0
1.0,0.1775132275132275,5.0
-1.0,0.4681818181818182,1.0
1.0,1.0,5.0
-1.0,-0.1499999999999999,3.0
-1.0,0.13333333333333336,3.0
-1.0,0.253125,3.0
-1.0,0.2416666666666667,4.0
-1.0,0.37592592592592605,4.0
-1.0,0.4,4.0
-1.0,-0.2222222222222222,3.0
-1.0,0.45,4.0
-1.0,0.43333333333333335,1.0
1.0,0.7250000000000001,5.0
1.0,0.125,5.0
-1.0,-0.25,3.0
-1.0,0.4875,1.0
-1.0,0.6,5.0
1.0,0.5444444444444444,5.0
1.0,0.4,5.0
-1.0,0.05833333333333333,3.0
-1.0,0.05873015873015872,2.0
-1.0,-0.3499999999999999,1.0
1.0,0.45,5.0
-1.0,0.04,2.0
-1.0,0.2416666666666667,3.0
1.0,0.7166666666666667,4.0
1.0,0.7714285714285715,5.0
1.0,0.325,4.0
-1.0,-0.14666666666666664,5.0
-1.0,0.19916666666666666,3.0
1.0,0.4611111111111111,5.0
1.0,0.2333333333333333,4.0
-1.0,0.3,1.0
1.0,0.5,4.0
1.0,0.3416666666666667,5.0
-1.0,0.4333333333333333,5.0
-1.0,0.15000000000000005,4.0
1.0,0.325,4.0
1.0,0.5,4.0
-1.0,0.21349206349206348,1.0
1.0,0.5071428571428571,5.0
-1.0,0.43333333333333335,3.0
-1.0,0.0,1.0
-1.0,0.5599999999999999,2.0
-1.0,-0.25,3.0
-1.0,0.35416666666666663,1.0
1.0,0.3023809523809524,5.0
-1.0,0.13906249999999998,3.0
1.0,0.7,5.0
-1.0,0.4166666666666667,2.0
1.0,0.3495238095238095,5.0
-1.0,0.004166666666666653,3.0
-1.0,0.2833333333333333,2.0
1.0,0.3223544973544974,5.0
1.0,0.5083333333333333,5.0
1.0,0.4666666666666666,5.0
-1.0,0.2,2.0
1.0,-0.0375,4.0
1.0,0.525,5.0
1.0,0.1512121212121212,3.0
-1.0,0.08166666666666665,2.0
-1.0,0.3,3.0
1.0,0.4583333333333333,5.0
1.0,0.16666666666666669,5.0
1.0,-0.125,4.0
1.0,0.20138888888888887,4.0
1.0,0.4666666666666666,5.0
-1.0,0.43,3.0
-1.0,0.1,2.0
-1.0,0.0,3.0
1.0,0.6166666666666667,5.0
-1.0,0.01666666666666664,1.0
-1.0,-0.1,1.0
1.0,0.75,5.0
-1.0,-0.30000000000000004,2.0
-1.0,-0.16999999999999993,1.0
-1.0,0.3333333333333333,3.0
-1.0,0.4235714285714286,4.0
1.0,0.4666666666666666,5.0
-1.0,0.0,3.0
-1.0,0.21428571428571427,2.0
-1.0,0.04375,1.0
1.0,0.4121212121212121,5.0
-1.0,0.06999999999999999,2.0
-1.0,0.13333333333333333,2.0
-1.0,0.2071428571428572,3.0
1.0,0.7166666666666667,5.0
-1.0,0.6,3.0
1.0,0.35000000000000003,5.0
-1.0,0.3910714285714286,2.0
-1.0,0.25,3.0
1.0,0.5285714285714286,5.0
-1.0,0.25,1.0
1.0,0.0,5.0
-1.0,0.38,2.0
-1.0,0.7,3.0
-1.0,0.5083333333333333,4.0
1.0,0.11689976689976694,5.0
-1.0,0.0625,1.0
-1.0,0.3178571428571428,3.0
1.0,0.5333333333333333,5.0
-1.0,0.022222222222222227,1.0
1.0,0.2675595238095238,5.0
1.0,0.4625,4.0
1.0,0.01904761904761904,5.0
-1.0,0.20101010101010103,2.0
1.0,0.3833333333333333,4.0
-1.0,0.4,1.0
1.0,0.6583333333333333,5.0
1.0,0.6000000000000001,4.0
1.0,0.28409090909090906,4.0
-1.0,0.3375,3.0
-1.0,0.09729437229437224,3.0
1.0,0.5933333333333334,5.0
1.0,0.55,5.0
-1.0,0.4,4.0
-1.0,0.45,2.0
-1.0,1.0,2.0
1.0,0.525,4.0
1.0,0.5,5.0
1.0,0.37222222222222223,5.0
-1.0,-0.07312925170068027,2.0
1.0,0.14722222222222225,5.0
1.0,0.26666666666666666,4.0
-1.0,-0.225,1.0
1.0,0.425,5.0
-1.0,0.12277777777777778,4.0
-1.0,0.07,2.0
1.0,0.4166666666666667,5.0
1.0,0.5,5.0
-1.0,0.2,3.0
1.0,0.5541666666666666,4.0
1.0,0.1,5.0
-1.0,0.19166666666666665,1.0
1.0,0.4,4.0
1.0,0.5352380952380952,5.0
-1.0,0.4,1.0
1.0,0.325,4.0
1.0,0.8,4.0
-1.0,0.09999999999999998,1.0
1.0,0.25959595959595955,5.0
-1.0,0.25,3.0
-1.0,0.03333333333333336,3.0
1.0,0.38,5.0
-1.0,0.35,5.0
1.0,0.6,5.0
-1.0,-0.3,1.0
-1.0,0.11666666666666665,3.0
1.0,0.2725340136054422,4.0
1.0,0.4875,5.0
-1.0,-0.55,1.0
1.0,0.25,4.0
-1.0,0.1,5.0
1.0,0.6,5.0
-1.0,0.18506493506493504,1.0
1.0,0.6428571428571429,4.0
1.0,0.4708333333333334,4.0
-1.0,0.30486111111111114,3.0
1.0,0.7999999999999999,5.0
-1.0,0.290625,4.0
-1.0,0.20833333333333331,4.0
-1.0,0.2,3.0
-1.0,0.6333333333333333,4.0
-1.0,0.3,1.0
-1.0,-0.01388888888888889,2.0
-1.0,0.21428571428571427,1.0
-1.0,0.2,3.0
-1.0,0.06394557823129253,2.0
-1.0,0.4048611111111112,3.0
-1.0,0.2777777777777778,2.0
1.0,0.8,5.0
1.0,0.1345146205995263,4.0
-1.0,0.26666666666666666,3.0
-1.0,1.8503717077085938e-17,3.0
-1.0,0.4916666666666667,4.0
-1.0,0.43333333333333335,4.0
1.0,0.2041666666666667,4.0
-1.0,-0.2,1.0
1.0,0.4833333333333334,5.0
1.0,0.35,4.0
1.0,0.4431818181818181,5.0
1.0,0.4800000000000001,5.0
-1.0,0.325,2.0
-1.0,0.37777777777777777,3.0
1.0,0.6,5.0
1.0,0.5,5.0
1.0,0.7,4.0
1.0,0.603125,5.0
1.0,0.5352564102564102,5.0
-1.0,0.1375,1.0
-1.0,0.25,2.0
1.0,0.36666666666666653,4.0
-1.0,0.48125,2.0
1.0,0.75,5.0
-1.0,0.5833333333333334,3.0
-1.0,-0.06875,2.0
1.0,0.15,5.0
1.0,0.43333333333333335,4.0
-1.0,0.0,2.0
1.0,0.45,4.0
1.0,0.3857142857142857,5.0
-1.0,0.1,1.0
1.0,0.625,4.0
1.0,0.175,5.0
1.0,1.0,5.0
-1.0,0.0,3.0
-1.0,0.23935185185185184,5.0
1.0,0.31999999999999995,4.0
-1.0,0.4375,4.0
1.0,0.3,5.0
-1.0,0.4,2.0
-1.0,0.1,3.0
-1.0,0.4121212121212121,1.0
-1.0,0.2,2.0
-1.0,0.25,3.0
1.0,0.2791666666666667,4.0
-1.0,0.375,1.0
-1.0,0.10000000000000002,3.0
1.0,0.9,5.0
-1.0,0.8055555555555557,1.0
-1.0,0.5,1.0
1.0,0.43333333333333335,5.0
1.0,0.5875,5.0
1.0,0.7666666666666666,5.0
1.0,0.2222222222222222,5.0
1.0,0.7,5.0
-1.0,0.6,2.0
-1.0,-0.032916666666666664,2.0
-1.0,0.1457142857142857,3.0
-1.0,0.010476190476190462,3.0
-1.0,0.4666666666666666,5.0
-1.0,0.6,3.0
-1.0,-0.06851851851851852,1.0
-1.0,0.19333333333333333,3.0
-1.0,0.024999999999999998,4.0
1.0,0.4766666666666667,5.0
1.0,0.2833333333333333,5.0
-1.0,-0.06272321428571423,3.0
-1.0,0.2,1.0
-1.0,0.13905122655122654,2.0
-1.0,-0.09999999999999998,2.0
-1.0,0.2825396825396825,5.0
1.0,0.4990476190476191,5.0
1.0,0.45,5.0
-1.0,0.53125,3.0
-1.0,0.3027777777777778,3.0
1.0,0.45,5.0
1.0,0.7666666666666666,5.0
1.0,0.475,4.0
-1.0,-0.05,3.0
-1.0,0.0,2.0
-1.0,-0.23333333333333334,3.0
-1.0,-0.08571428571428573,2.0
-1.0,0.1892857142857143,3.0
1.0,0.5833333333333334,5.0
1.0,0.325,5.0
1.0,0.31805555555555554,5.0
1.0,0.75,5.0
-1.0,0.09204545454545453,1.0
1.0,0.5666666666666667,4.0
1.0,0.2403030303030303,5.0
1.0,0.32478632478632474,4.0
1.0,0.525,5.0
1.0,0.6000000000000001,5.0
1.0,0.8,5.0
-1.0,0.2744444444444445,2.0
1.0,0.5599999999999999,5.0
1.0,0.58,4.0
1.0,0.7166666666666667,4.0
-1.0,-0.225,1.0
-1.0,-0.30000000000000004,1.0
1.0,0.5027777777777778,5.0
-1.0,0.0,1.0
1.0,0.4888888888888889,4.0
-1.0,0.30000000000000004,4.0
-1.0,0.016666666666666646,4.0
1.0,0.3016666666666667,5.0
-1.0,-0.02000000000000001,3.0
1.0,0.2832312925170068,5.0
-1.0,0.22142857142857145,4.0
1.0,0.375,4.0
-1.0,0.4722222222222223,2.0
1.0,0.6722222222222222,5.0
-1.0,0.4666666666666667,3.0
1.0,0.85,4.0
1.0,0.65,4.0
-1.0,-0.027777777777777776,3.0
1.0,0.7,4.0
-1.0,-0.3625,1.0
1.0,0.31190476190476185,5.0
1.0,0.6000000000000001,5.0
-1.0,-0.5,1.0
1.0,0.0,4.0
-1.0,0.0,5.0
1.0,0.4,4.0
-1.0,1.0,2.0
-1.0,0.25555555555555554,3.0
-1.0,0.31035714285714283,2.0
1.0,0.45,5.0
-1.0,0.4085714285714285,3.0
1.0,0.7333333333333334,4.0
-1.0,0.35,4.0
-1.0,-0.31269841269841264,1.0
-1.0,0.25,3.0
-1.0,0.3071428571428572,3.0
-1.0,0.3333333333333333,3.0
-1.0,0.2333333333333333,5.0
1.0,0.26666666666666666,4.0
-1.0,-0.025000000000000026,2.0
1.0,0.5499999999999999,5.0
-1.0,0.1708333333333333,3.0
-1.0,0.2716666666666667,2.0
-1.0,0.20833333333333331,2.0
1.0,0.4833333333333333,5.0
-1.0,0.0,1.0
-1.0,0.0,1.0
1.0,0.46,4.0
1.0,0.5166666666666667,5.0
-1.0,-0.30000000000000004,2.0
-1.0,0.3333333333333333,2.0
1.0,0.15000000000000002,5.0
1.0,0.2770833333333333,4.0
1.0,0.2555555555555556,5.0
1.0,0.8,4.0
1.0,0.35,4.0
-1.0,0.25,1.0
-1.0,0.2,1.0
1.0,0.0,4.0
1.0,0.2444444444444445,5.0
1.0,0.75,5.0
1.0,0.4625,5.0
1.0,0.65,5.0
-1.0,0.0,3.0
-1.0,0.2071428571428572,3.0
-1.0,-0.14333333333333334,2.0
1.0,0.5666666666666668,5.0
1.0,0.6166666666666667,5.0
-1.0,-0.01666666666666668,3.0
1.0,0.47,5.0
-1.0,0.2857142857142857,5.0
-1.0,0.16093749999999998,3.0
-1.0,0.11428571428571427,3.0
-1.0,6.661338147750939e-17,5.0
1.0,0.6000000000000001,5.0
-1.0,0.7,5.0
-1.0,0.2139520202020202,2.0
-1.0,-0.2333333333333333,3.0
1.0,0.4,5.0
-1.0,0.45,5.0
-1.0,0.3814285714285714,3.0
1.0,0.4681818181818182,5.0
1.0,0.6166666666666667,5.0
1.0,0.0,5.0
-1.0,0.0,2.0
1.0,0.5666666666666667,5.0
1.0,0.5800000000000001,4.0
1.0,0.35,4.0
1.0,0.43333333333333335,5.0
-1.0,0.5,5.0
1.0,0.5,5.0
-1.0,0.26666666666666666,1.0
-1.0,0.30000000000000004,2.0
-1.0,0.5111111111111112,4.0
1.0,0.6,5.0
-1.0,0.032142857142857154,3.0
1.0,0.41,4.0
-1.0,0.4,3.0
-1.0,0.28125,1.0
-1.0,-0.4,1.0
1.0,0.28694444444444445,4.0
1.0,0.0,5.0
1.0,0.25,5.0
-1.0,0.05,2.0
1.0,0.6999999999999998,4.0
-1.0,0.2,3.0
1.0,0.8,5.0
1.0,0.7,3.0
-1.0,0.13571428571428573,3.0
1.0,0.10000000000000003,3.0
1.0,0.6666666666666666,5.0
1.0,0.65,5.0
-1.0,0.35,3.0
-1.0,0.3041666666666667,1.0
1.0,0.30000000000000004,5.0
1.0,0.375,5.0
-1.0,0.18055555555555555,3.0
1.0,0.4583333333333333,4.0
-1.0,0.4666666666666667,2.0
1.0,0.6,5.0
-1.0,0.3971428571428571,3.0
1.0,0.38666666666666666,4.0
1.0,0.225,5.0
1.0,0.3583333333333333,5.0
-1.0,0.8000000000000002,5.0
-1.0,0.7,1.0
-1.0,-0.325,3.0
-1.0,0.3,4.0
1.0,0.6428571428571428,5.0
-1.0,0.19801587301587295,4.0
-1.0,0.3333333333333333,4.0
-1.0,-0.3,2.0
-1.0,-0.3845238095238096,2.0
1.0,0.3636940836940837,4.0
1.0,0.0,4.0
-1.0,0.5,3.0
1.0,0.3,5.0
-1.0,0.32857142857142857,2.0
-1.0,0.09999999999999998,1.0
1.0,0.4,4.0
1.0,0.45,5.0
-1.0,0.1,3.0
-1.0,-0.09375,2.0
1.0,-0.16666666666666666,4.0
1.0,0.35,5.0
-1.0,0.125,1.0
-1.0,0.7,3.0
1.0,0.4,4.0
-1.0,-0.6999999999999998,1.0
1.0,0.29642857142857143,5.0
-1.0,0.13974358974358975,2.0
-1.0,0.38125,1.0
1.0,0.65,5.0
-1.0,0.43,4.0
-1.0,0.29375,5.0
1.0,0.5266666666666666,4.0
-1.0,0.10000000000000003,3.0
1.0,0.7,4.0
1.0,0.3639393939393939,5.0
-1.0,-0.05000000000000002,1.0
-1.0,0.0,1.0
1.0,0.8,4.0
1.0,0.3069264069264069,5.0
1.0,0.35000000000000003,5.0
-1.0,0.4666666666666666,3.0
1.0,0.6628571428571429,5.0
1.0,0.22833333333333336,5.0
-1.0,-0.016666666666666663,3.0
-1.0,0.0833333333333333,3.0
1.0,0.8,5.0
1.0,0.5,5.0
1.0,0.5833333333333334,5.0
-1.0,-0.12857142857142856,3.0
-1.0,0.26666666666666666,2.0
1.0,0.2982142857142857,5.0
-1.0,-0.284375,4.0
1.0,0.33035714285714285,3.0
-1.0,0.3,3.0
-1.0,0.3071428571428571,1.0
-1.0,0.25,3.0
1.0,0.1,4.0
-1.0,-0.5,1.0
1.0,0.8,5.0
-1.0,-0.3333333333333333,2.0
-1.0,0.4,4.0
-1.0,-0.18125,1.0
-1.0,0.06805555555555555,1.0
-1.0,0.2,3.0
-1.0,-0.1111111111111111,3.0
-1.0,0.26,3.0
1.0,0.7000000000000001,5.0
-1.0,0.225,5.0
-1.0,-0.09722222222222222,1.0
-1.0,0.19714285714285712,1.0
1.0,0.039393939393939405,5.0
1.0,0.4666666666666666,5.0
1.0,0.37777777777777777,5.0
1.0,0.6388888888888891,4.0
-1.0,-0.022222222222222216,2.0
1.0,0.32833333333333337,5.0
-1.0,0.17532467532467533,3.0
-1.0,-0.16285714285714287,1.0
-1.0,0.41,4.0
-1.0,0.5133333333333333,5.0
1.0,0.8,5.0
1.0,0.10000000000000003,5.0
-1.0,0.04999999999999999,1.0
-1.0,0.25,3.0
1.0,0.4708333333333334,5.0
-1.0,0.25,3.0
1.0,0.0,4.0
-1.0,0.10590277777777778,3.0
1.0,0.4083333333333333,4.0
1.0,0.5,5.0
-1.0,0.0,2.0
-1.0,0.2,2.0
-1.0,0.0,2.0
1.0,0.21666666666666667,4.0
-1.0,0.6666666666666666,2.0
-1.0,-1.6653345369377347e-17,3.0
1.0,0.2777777777777777,5.0
1.0,0.4833333333333334,5.0
1.0,0.375,4.0
1.0,0.2515625,4.0
1.0,-0.4,4.0
1.0,0.3625,5.0
-1.0,0.375,1.0
-1.0,0.6666666666666666,5.0
1.0,0.3065656565656565,5.0
-1.0,0.38333333333333336,3.0
-1.0,-0.024999999999999998,3.0
-1.0,0.1777777777777778,3.0
-1.0,0.3715277777777777,4.0
-1.0,0.1619047619047619,2.0
1.0,0.2537878787878788,5.0
-1.0,1.0,5.0
1.0,1.0,5.0
-1.0,0.2,1.0
1.0,0.08750000000000001,5.0
1.0,0.6,4.0
-1.0,-0.11249999999999996,1.0
1.0,0.4865079365079366,5.0
1.0,0.2138888888888889,4.0
-1.0,-0.032916666666666664,2.0
-1.0,0.8,3.0
1.0,0.8,5.0
-1.0,0.5,3.0
-1.0,-0.0395833333333333,4.0
-1.0,0.5666666666666668,3.0
1.0,0.7,4.0
1.0,0.5,5.0
-1.0,0.13333333333333333,3.0
1.0,0.35,5.0
-1.0,0.0,1.0
1.0,0.3666666666666667,5.0
1.0,0.8666666666666667,5.0
-1.0,-0.14285714285714285,3.0
-1.0,0.32916666666666666,3.0
-1.0,0.12285714285714283,3.0
-1.0,0.2888888888888889,4.0
-1.0,0.21388888888888888,3.0
-1.0,0.4777777777777778,4.0
1.0,0.45,5.0
1.0,1.0,5.0
-1.0,-0.2916666666666667,3.0
1.0,0.3855555555555557,4.0
1.0,0.7166666666666667,5.0
1.0,0.4216666666666667,5.0
1.0,0.04545454545454545,4.0
-1.0,0.5340909090909091,5.0
-1.0,0.06785714285714285,3.0
1.0,0.7,5.0
1.0,0.2209952380952381,5.0
-1.0,0.3,3.0
-1.0,-0.34375,3.0
-1.0,0.7,2.0
-1.0,0.5,3.0
-1.0,0.00895833333333334,3.0
1.0,0.1909090909090909,4.0
-1.0,0.2625,2.0
-1.0,0.1875,3.0
1.0,0.425,5.0
-1.0,-0.2916666666666667,2.0
1.0,0.3833333333333333,5.0
-1.0,0.0,3.0
1.0,0.2333333333333333,5.0
-1.0,0.0,2.0
1.0,0.6833333333333333,5.0
1.0,0.3,4.0
-1.0,-0.0875,2.0
-1.0,0.4428571428571429,3.0
-1.0,0.19567099567099566,1.0
1.0,0.26666666666666666,5.0
1.0,0.3170454545454545,5.0
1.0,0.8500000000000001,5.0
-1.0,0.2659090909090909,3.0
-1.0,0.2733333333333333,3.0
-1.0,0.10833333333333332,1.0
1.0,0.65,5.0
1.0,0.32022727272727275,5.0
-1.0,0.268452380952381,5.0
1.0,0.6066666666666667,4.0
1.0,0.6000000000000001,5.0
1.0,0.8,5.0
-1.0,0.5,2.0
1.0,0.7250000000000001,5.0
-1.0,-0.5,3.0
1.0,0.8,5.0
1.0,0.4047619047619047,5.0
-1.0,0.002777777777777805,1.0
1.0,0.5416666666666666,5.0
-1.0,0.07146464646464648,2.0
1.0,0.5166666666666666,4.0
1.0,0.4638888888888889,5.0
1.0,0.4,4.0
1.0,0.26666666666666666,4.0
-1.0,0.3666666666666667,3.0
1.0,0.7166666666666667,5.0
1.0,0.6000000000000001,5.0
1.0,0.6166666666666667,5.0
1.0,0.19454545454545447,5.0
1.0,0.7666666666666666,5.0
1.0,0.6166666666666667,5.0
1.0,0.6000000000000001,5.0
-1.0,0.018650793650793657,2.0
1.0,0.6,5.0
-1.0,-0.05,1.0
1.0,0.35000000000000003,4.0
1.0,0.1261904761904762,4.0
-1.0,0.16666666666666666,3.0
-1.0,0.35000000000000003,3.0
1.0,0.55,5.0
1.0,0.3995535714285714,5.0
-1.0,0.25952380952380955,4.0
-1.0,0.0,3.0
1.0,0.7,5.0
-1.0,0.6444444444444445,4.0
-1.0,0.19204545454545446,3.0
-1.0,0.4666666666666666,3.0
-1.0,0.31000000000000005,2.0
1.0,0.32,5.0
-1.0,0.2,2.0
1.0,0.8,5.0
1.0,0.75,5.0
1.0,0.0,5.0
-1.0,0.3033333333333333,3.0
-1.0,-0.33125000000000004,1.0
1.0,0.30500000000000005,4.0
-1.0,0.05178571428571428,2.0
-1.0,0.11874999999999998,3.0
1.0,0.5866666666666667,5.0
-1.0,0.2583333333333333,2.0
-1.0,0.5,2.0
-1.0,0.5,3.0
1.0,0.2625,4.0
-1.0,0.03333333333333335,3.0
-1.0,-0.28125,2.0
-1.0,1.0,1.0
-1.0,0.075,2.0
1.0,0.34545454545454546,5.0
1.0,0.75,4.0
-1.0,0.20952380952380956,3.0
1.0,0.45,5.0
1.0,0.0,5.0
-1.0,0.3333333333333333,4.0
-1.0,0.4071428571428571,3.0
1.0,0.6222222222222222,5.0
1.0,0.4622222222222223,5.0
1.0,0.75,5.0
1.0,0.2288461538461539,4.0
-1.0,-0.2404761904761905,3.0
1.0,0.14729437229437228,4.0
-1.0,0.5333333333333333,3.0
-1.0,0.5222222222222223,3.0
1.0,0.5,5.0
1.0,0.6000000000000001,5.0
-1.0,0.30000000000000004,2.0
1.0,0.8,4.0
-1.0,-0.13428571428571429,1.0
-1.0,-0.17857142857142858,1.0
1.0,0.4333333333333333,3.0
1.0,0.20000000000000004,4.0
-1.0,0.4,1.0
1.0,0.35,4.0
-1.0,0.35,3.0
1.0,3.7007434154171876e-17,4.0
1.0,0.8,5.0
-1.0,0.4375,3.0
-1.0,-0.053333333333333344,1.0
-1.0,1.0,4.0
-1.0,0.5,5.0
1.0,0.5805555555555556,5.0
-1.0,0.11111111111111112,1.0
1.0,0.4125000000000001,4.0
1.0,0.5,5.0
1.0,0.4380952380952381,4.0
1.0,0.4666666666666667,5.0
1.0,0.5333333333333333,5.0
-1.0,0.06666666666666668,2.0
-1.0,0.22142857142857145,2.0
-1.0,0.24666666666666665,4.0
-1.0,0.15669642857142854,2.0
-1.0,-1.0,1.0
-1.0,0.0,1.0
-1.0,-0.23333333333333334,3.0
1.0,0.09047619047619047,5.0
1.0,0.7,4.0
-1.0,-0.08333333333333333,2.0
-1.0,0.39166666666666666,5.0
-1.0,0.25,2.0
-1.0,0.6666666666666666,5.0
-1.0,0.75,3.0
1.0,0.8,4.0
1.0,0.2733333333333333,3.0
1.0,0.3840909090909092,5.0
-1.0,0.07142857142857142,3.0
1.0,0.20075757575757572,5.0
1.0,0.26666666666666666,4.0
1.0,0.5,4.0
1.0,0.43333333333333335,4.0
1.0,0.6666666666666666,4.0
1.0,0.5833333333333334,5.0
1.0,0.07666666666666666,4.0
-1.0,0.2864583333333333,3.0
-1.0,0.5,2.0
1.0,0.4833333333333333,5.0
-1.0,0.4,3.0
-1.0,0.3,3.0
1.0,0.5041666666666667,5.0
1.0,0.3333333333333333,5.0
-1.0,0.0,3.0
-1.0,0.04017857142857141,2.0
-1.0,0.0,1.0
-1.0,0.3,4.0
1.0,0.65,5.0
-1.0,0.3541666666666667,3.0
-1.0,-0.05833333333333335,2.0
-1.0,0.5555555555555556,4.0
1.0,0.3722222222222223,5.0
1.0,0.4041666666666666,3.0
1.0,0.45,4.0
1.0,0.5833333333333334,5.0
1.0,0.2916666666666667,5.0
1.0,0.5,5.0
-1.0,0.03403679653679654,2.0
1.0,0.4400000000000001,5.0
1.0,0.5833333333333334,5.0
-1.0,0.01666666666666668,2.0
1.0,0.375,5.0
1.0,0.8,5.0
1.0,0.0,4.0
-1.0,0.22000000000000006,1.0
1.0,0.5590909090909091,5.0
-1.0,0.6333333333333334,3.0
1.0,0.2282828282828283,5.0
1.0,0.65,5.0
1.0,0.5266666666666667,5.0
1.0,0.8,4.0
-1.0,0.4166666666666666,3.0
-1.0,0.6083333333333334,2.0
-1.0,-0.08888888888888889,1.0
-1.0,-0.03571428571428571,3.0
1.0,0.3666666666666667,3.0
1.0,0.15343915343915346,4.0
1.0,0.65,5.0
-1.0,-0.16666666666666666,1.0
1.0,0.16893939393939394,5.0
-1.0,0.3761904761904762,4.0
1.0,0.55,5.0
-1.0,0.3,3.0
-1.0,0.12678571428571428,3.0
1.0,0.525,5.0
1.0,0.8,5.0
-1.0,0.8,3.0
-1.0,-0.2916666666666667,2.0
-1.0,0.0,3.0
1.0,0.26805555555555555,5.0
1.0,0.5,3.0
1.0,0.27662337662337666,5.0
1.0,0.46875,5.0
-1.0,0.31666666666666665,2.0
-1.0,-0.026984126984126926,1.0
-1.0,0.18625,3.0
-1.0,0.13333333333333333,2.0
1.0,0.32,4.0
1.0,0.7,5.0
1.0,0.25202380952380954,5.0
1.0,0.0,5.0
1.0,0.20277777777777786,5.0
-1.0,0.17000000000000004,3.0
-1.0,-0.15000000000000002,1.0
1.0,-0.07500000000000001,5.0
-1.0,-0.14583333333333334,1.0
1.0,0.8,5.0
-1.0,0.125,3.0
1.0,0.575,5.0
-1.0,-0.2833333333333333,1.0
-1.0,-0.03,1.0
-1.0,0.4333333333333333,3.0
-1.0,0.2333333333333333,3.0
1.0,0.8,5.0
-1.0,0.31969696969696965,3.0
1.0,0.4,4.0
-1.0,0.225,1.0
1.0,0.6,4.0
-1.0,-0.30000000000000004,3.0
1.0,0.65,4.0
-1.0,-0.04358974358974358,1.0
-1.0,0.4666666666666666,1.0
1.0,0.65,5.0
1.0,0.6666666666666666,4.0
1.0,0.0,3.0
-1.0,-0.12000000000000002,1.0
1.0,0.8000000000000002,5.0
1.0,0.5952380952380952,5.0
-1.0,-0.08133333333333333,1.0
-1.0,-0.25,3.0
1.0,0.5,2.0
-1.0,-0.3166666666666667,1.0
1.0,0.6,5.0
-1.0,-0.2,1.0
-1.0,0.5,3.0
-1.0,0.07666666666666666,1.0
1.0,0.4555555555555556,3.0
-1.0,0.09999999999999998,3.0
-1.0,0.06666666666666668,2.0
1.0,0.4400000000000001,5.0
-1.0,0.0,4.0
-1.0,0.1761904761904762,3.0
-1.0,0.5,2.0
-1.0,-0.2638888888888889,2.0
1.0,0.35,5.0
1.0,0.4316239316239317,5.0
-1.0,-0.18333333333333332,3.0
1.0,0.43333333333333335,5.0
-1.0,-0.050992063492063484,3.0
1.0,0.3893939393939394,5.0
-1.0,0.10138888888888888,3.0
1.0,0.38,4.0
1.0,0.2416666666666667,5.0
-1.0,0.42,4.0
-1.0,0.2,3.0
-1.0,0.2041666666666667,2.0
1.0,0.5583333333333333,5.0
1.0,0.3666666666666667,4.0
1.0,0.13333333333333333,3.0
1.0,0.6583333333333333,5.0
1.0,0.5,5.0
-1.0,0.26,2.0
1.0,0.25,5.0
-1.0,0.4,2.0
1.0,0.65,5.0
1.0,0.046875,4.0
-1.0,0.08401913875598087,2.0
-1.0,0.2047619047619048,1.0
1.0,0.3806547619047619,5.0
-1.0,-0.038461538461538464,1.0
-1.0,0.55,4.0
-1.0,-0.09999999999999996,2.0
-1.0,0.13333333333333333,1.0
1.0,0.4833333333333333,4.0
1.0,0.8,5.0
1.0,0.8000000000000002,5.0
1.0,0.25,5.0
-1.0,0.7,2.0
-1.0,-0.016666666666666663,2.0
1.0,0.5666666666666668,5.0
-1.0,0.0,3.0
1.0,0.6875,5.0
1.0,0.2675324675324676,5.0
1.0,0.5,5.0
1.0,0.4833333333333333,5.0
-1.0,-0.15000000000000002,2.0
-1.0,-0.5,1.0
1.0,0.5166666666666666,4.0
1.0,0.5,5.0
-1.0,0.01153846153846154,2.0
1.0,0.5,5.0
-1.0,0.5777777777777777,4.0
1.0,0.26666666666666666,5.0
-1.0,-0.2,1.0
-1.0,-0.04999999999999996,2.0
-1.0,0.2,3.0
-1.0,0.5777777777777778,4.0
1.0,0.6,5.0
1.0,0.6166666666666667,5.0
-1.0,0.475,4.0
-1.0,0.5,4.0
-1.0,-0.06833333333333333,1.0
-1.0,0.5,4.0
1.0,0.5666666666666668,5.0
1.0,0.3232142857142857,5.0
1.0,0.54,5.0
1.0,0.3583333333333333,5.0
-1.0,0.3333333333333333,3.0
1.0,-0.30000000000000004,4.0
1.0,0.12900432900432898,5.0
-1.0,0.13058712121212118,2.0
1.0,0.5378787878787878,4.0
-1.0,0.0,3.0
1.0,0.8,5.0
-1.0,-0.375,3.0
1.0,0.2888888888888889,4.0
1.0,0.11527777777777776,4.0
-1.0,0.2554226475279107,3.0
-1.0,0.1305555555555555,2.0
1.0,0.35000000000000003,5.0
1.0,0.5166666666666667,5.0
-1.0,0.875,5.0
-1.0,-0.1875,3.0
1.0,0.7166666666666667,5.0
-1.0,0.43333333333333335,1.0
-1.0,0.2444444444444445,3.0
1.0,0.2833333333333334,5.0
-1.0,0.0,2.0
-1.0,-0.030000000000000006,4.0
1.0,0.5,5.0
-1.0,0.4666666666666666,3.0
1.0,0.4666666666666667,4.0
1.0,0.30476190476190473,5.0
1.0,-0.0408333333333333,4.0
1.0,0.34375,5.0
-1.0,0.0,3.0
1.0,0.39666666666666667,4.0
1.0,0.5666666666666667,4.0
-1.0,0.0,2.0
-1.0,0.7000000000000001,1.0
1.0,-0.022222222222222216,5.0
-1.0,-0.65,3.0
1.0,0.4,3.0
-1.0,0.6166666666666667,5.0
-1.0,0.3437500000000001,1.0
1.0,0.5166666666666667,5.0
1.0,0.45,5.0
1.0,0.4,5.0
1.0,0.7666666666666666,5.0
-1.0,0.2229591836734694,2.0
1.0,0.85,5.0
-1.0,0.08333333333333333,3.0
1.0,0.11666666666666667,4.0
-1.0,0.028186274509803926,3.0
1.0,0.18333333333333332,4.0
1.0,0.5249999999999999,4.0
-1.0,-0.1875,3.0
1.0,0.4,5.0
1.0,0.8,5.0
-1.0,0.14444444444444446,3.0
-1.0,0.15277777777777776,3.0
1.0,0.6000000000000001,4.0
1.0,0.4666666666666667,5.0
-1.0,0.12833333333333333,1.0
-1.0,0.0,2.0
1.0,0.4777777777777778,5.0
-1.0,0.2571428571428571,3.0
-1.0,0.0,5.0
-1.0,0.4,1.0
-1.0,0.3227777777777778,3.0
-1.0,-0.3333333333333333,3.0
1.0,0.8,5.0
1.0,0.65,5.0
-1.0,0.8,3.0
-1.0,0.05833333333333333,2.0
1.0,0.7,5.0
-1.0,0.0,1.0
-1.0,0.07499999999999996,3.0
-1.0,0.31666666666666665,3.0
-1.0,-0.016666666666666663,3.0
1.0,0.8,5.0
-1.0,0.02499999999999997,2.0
-1.0,0.5,1.0
1.0,0.8,4.0
-1.0,0.4510204081632653,2.0
-1.0,0.11166666666666666,3.0
1.0,0.4600000000000001,4.0
-1.0,0.2,3.0
-1.0,0.1,1.0
-1.0,0.25,3.0
-1.0,-0.15499999999999994,2.0
-1.0,0.0,2.0
1.0,0.6833333333333333,5.0
1.0,0.2888888888888889,4.0
-1.0,0.3499999999999999,1.0
-1.0,0.275,2.0
1.0,0.6151785714285715,4.0
-1.0,0.21666666666666667,1.0
-1.0,0.5,2.0
1.0,0.21666666666666667,5.0
-1.0,0.6,2.0
-1.0,0.2,3.0
-1.0,0.4166666666666667,4.0
-1.0,-0.2916666666666667,2.0
-1.0,0.5333333333333333,3.0
-1.0,0.35000000000000003,2.0
1.0,0.25,4.0
-1.0,0.6875,4.0
-1.0,0.19333333333333336,1.0
1.0,0.5071428571428571,5.0
-1.0,0.0,3.0
1.0,0.16156462585034012,5.0
1.0,0.37777777777777777,5.0
-1.0,0.25555555555555554,3.0
1.0,0.23452380952380955,5.0
-1.0,0.1372159090909091,3.0
1.0,0.4249999999999999,5.0
-1.0,0.03749999999999998,5.0
1.0,0.4583333333333333,5.0
-1.0,0.11666666666666665,1.0
-1.0,0.4805555555555554,2.0
1.0,0.015476190476190475,5.0
1.0,0.4777777777777778,5.0
1.0,0.5,4.0
-1.0,0.49375,4.0
-1.0,0.2723966942148761,2.0
1.0,0.0,5.0
-1.0,-0.1875,1.0
-1.0,0.7,3.0
1.0,0.6000000000000001,5.0
-1.0,0.2861111111111111,3.0
1.0,0.35,5.0
-1.0,0.11826923076923078,3.0
1.0,0.3143939393939394,5.0
-1.0,0.0,1.0
-1.0,0.6000000000000001,4.0
-1.0,0.4333333333333333,3.0
-1.0,0.3833333333333333,1.0
1.0,0.5666666666666667,5.0
-1.0,-0.25,3.0
1.0,0.5,5.0
1.0,0.7,5.0
-1.0,-0.02777777777777776,4.0
1.0,-0.2,5.0
-1.0,0.02500000000000001,2.0
-1.0,0.06709956709956709,2.0
-1.0,0.2,3.0
-1.0,0.5416666666666666,4.0
1.0,0.3458333333333333,4.0
-1.0,0.6333333333333333,4.0
1.0,0.4833333333333333,5.0
1.0,0.9,4.0
1.0,0.4111111111111112,5.0
1.0,0.2416666666666667,4.0
-1.0,0.3204761904761905,4.0
1.0,0.178125,5.0
1.0,0.1564102564102564,4.0
-1.0,0.5,1.0
1.0,0.1125,4.0
1.0,0.3619047619047619,5.0
-1.0,0.09251700680272107,1.0
1.0,-0.6000000000000001,3.0
1.0,0.55,5.0
-1.0,0.26666666666666666,3.0
-1.0,0.4333333333333333,3.0
-1.0,0.6000000000000001,5.0
-1.0,0.2,2.0
-1.0,0.0047619047619048005,1.0
1.0,0.8,5.0
1.0,0.05238095238095236,5.0
-1.0,0.43333333333333335,5.0
1.0,0.4219387755102041,5.0
-1.0,0.3375,3.0
1.0,0.525,5.0
-1.0,0.6083333333333333,2.0
-1.0,0.3875,3.0
-1.0,-0.030000000000000006,1.0
-1.0,0.20000000000000004,3.0
-1.0,0.14791666666666664,3.0
-1.0,0.4,3.0
-1.0,0.13125,2.0
-1.0,-0.30000000000000004,2.0
-1.0,0.0,2.0
1.0,0.5340909090909091,5.0
1.0,0.0,5.0
-1.0,0.26875,4.0
-1.0,0.0,1.0
1.0,-0.05625,4.0
1.0,0.2619047619047619,4.0
1.0,0.15000000000000002,4.0
-1.0,0.5285714285714285,5.0
-1.0,-0.2916666666666667,3.0
1.0,0.5681818181818181,5.0
1.0,0.43333333333333335,4.0
1.0,0.9,4.0
1.0,0.8,5.0
-1.0,0.25,2.0
1.0,0.5,5.0
1.0,0.4222222222222223,5.0
-1.0,0.3461904761904762,2.0
1.0,0.34861111111111115,4.0
-1.0,-0.0875,1.0
1.0,0.8,5.0
1.0,0.7,5.0
1.0,0.3033057851239669,5.0
1.0,0.4340909090909091,5.0
-1.0,0.2333333333333333,1.0
-1.0,0.4388888888888889,3.0
-1.0,0.29693877551020403,3.0
1.0,0.45,5.0
1.0,0.17777777777777776,5.0
-1.0,0.25,3.0
1.0,0.33888888888888885,5.0
1.0,0.3404761904761905,5.0
-1.0,0.5,2.0
-1.0,0.2662878787878788,3.0
-1.0,-0.1,1.0
-1.0,-0.275,1.0
-1.0,0.6000000000000001,3.0
1.0,0.7,4.0
1.0,0.3375,4.0
-1.0,0.2,3.0
-1.0,0.3416666666666667,1.0
-1.0,-0.1722222222222222,3.0
1.0,0.0,5.0
1.0,0.2761904761904761,5.0
-1.0,-0.2777777777777778,3.0
-1.0,0.6,2.0
1.0,0.3870129870129871,5.0
-1.0,0.25,1.0
-1.0,0.16,3.0
-1.0,-0.0625,1.0
-1.0,0.4875,2.0
-1.0,-0.1,1.0
-1.0,0.5,1.0
1.0,0.4,5.0
-1.0,0.13636363636363635,1.0
1.0,0.5533333333333332,5.0
1.0,0.4,3.0
1.0,0.5800000000000001,5.0
-1.0,0.17777777777777778,3.0
1.0,0.185,5.0
-1.0,0.05357142857142857,1.0
1.0,0.4320000000000001,5.0
-1.0,0.18333333333333332,3.0
1.0,0.5972222222222222,5.0
-1.0,0.0,1.0
-1.0,0.475,4.0
-1.0,0.2170454545454545,2.0
-1.0,-0.1486111111111111,2.0
1.0,0.8333333333333334,5.0
1.0,0.2552910052910053,4.0
1.0,0.6,4.0
1.0,-0.018750000000000017,3.0
-1.0,0.35,4.0
1.0,0.12142857142857146,4.0
1.0,0.3112244897959184,4.0
1.0,0.5005050505050505,5.0
-1.0,0.2225,3.0
1.0,0.4166666666666667,5.0
-1.0,0.04999999999999999,4.0
1.0,0.2885416666666667,5.0
1.0,-0.0625,5.0
1.0,0.55,4.0
1.0,0.5599999999999999,5.0
1.0,0.5,5.0
-1.0,0.37454545454545457,3.0
1.0,0.2833333333333334,5.0
1.0,0.5,4.0
1.0,0.3666666666666667,5.0
-1.0,0.13333333333333333,4.0
-1.0,0.5,2.0
1.0,0.4666666666666667,5.0
1.0,0.46,5.0
1.0,0.6,4.0
-1.0,0.18888888888888888,3.0
-1.0,0.07878787878787878,4.0
1.0,0.4,5.0
1.0,0.325,5.0
1.0,0.55,4.0
-1.0,0.0,1.0
-1.0,0.0,3.0
-1.0,0.0,3.0
1.0,0.4,5.0
1.0,0.36666666666666653,5.0
1.0,0.2223809523809524,5.0
1.0,0.7749999999999999,5.0
-1.0,0.3181818181818182,5.0
-1.0,0.26,3.0
1.0,0.375,5.0
-1.0,-0.016287878787878792,1.0
-1.0,0.5,3.0
-1.0,0.0693877551020408,2.0
-1.0,-0.2,2.0
1.0,0.3694444444444444,4.0
-1.0,0.39404761904761904,2.0
-1.0,0.14947916666666666,3.0
-1.0,-0.06,1.0
-1.0,0.2111111111111111,4.0
-1.0,0.2,3.0
-1.0,0.2125,3.0
1.0,0.8,4.0
-1.0,0.05000000000000001,3.0
1.0,0.4666666666666667,5.0
-1.0,-0.15000000000000002,1.0
-1.0,0.43333333333333335,2.0
1.0,0.15000000000000002,4.0
-1.0,-0.1,1.0
-1.0,-0.5,1.0
-1.0,0.4,3.0
1.0,0.4,5.0
-1.0,0.23214285714285715,3.0
-1.0,0.42708333333333337,3.0
1.0,0.325,3.0
-1.0,0.12500000000000006,3.0
-1.0,-0.0305555555555556,2.0
1.0,0.356060606060606,5.0
-1.0,0.5166666666666666,3.0
1.0,0.5333333333333333,5.0
1.0,0.8111111111111112,5.0
-1.0,0.2571428571428571,4.0
1.0,-0.06785714285714288,3.0
-1.0,0.2857142857142857,2.0
-1.0,0.096343537414966,3.0
-1.0,0.1,3.0
1.0,0.7200000000000001,5.0
1.0,0.18055555555555555,4.0
1.0,0.4741161616161616,5.0
1.0,0.4166666666666667,5.0
-1.0,0.1070936639118457,3.0
1.0,0.4694444444444445,3.0
1.0,0.5875,4.0
-1.0,0.5892857142857143,1.0
-1.0,0.5,4.0
1.0,0.4180952380952381,5.0
-1.0,0.13333333333333333,1.0
-1.0,0.7,3.0
-1.0,-0.08148148148148149,3.0
1.0,-0.25,4.0
-1.0,0.21666666666666665,2.0
-1.0,0.06666666666666665,1.0
-1.0,-0.1,3.0
1.0,0.525,5.0
1.0,0.6,4.0
1.0,0.4083333333333334,5.0
-1.0,0.04374999999999999,3.0
1.0,0.6666666666666666,3.0
1.0,0.4166666666666666,5.0
-1.0,0.16249999999999995,3.0
-1.0,0.11818181818181818,3.0
-1.0,0.0,1.0
1.0,0.43333333333333335,5.0
-1.0,0.23809523809523805,4.0
1.0,0.5,5.0
1.0,0.15833333333333333,5.0
1.0,0.1,5.0
1.0,0.16666666666666666,5.0
1.0,0.15458333333333335,5.0
-1.0,0.1494047619047619,4.0
-1.0,0.3,2.0
-1.0,0.6666666666666666,3.0
1.0,0.8,4.0
1.0,0.3805555555555555,5.0
-1.0,0.019047619047619053,1.0
1.0,0.5655555555555556,5.0
-1.0,0.5,5.0
-1.0,0.07500000000000001,3.0
1.0,0.525,5.0
-1.0,0.11666666666666665,1.0
1.0,0.2375,4.0
1.0,0.26666666666666666,5.0
1.0,0.3753968253968254,4.0
-1.0,0.1,3.0
1.0,0.503125,4.0
1.0,0.35,4.0
1.0,0.3662698412698413,5.0
1.0,0.0,5.0
-1.0,0.29238095238095235,2.0
-1.0,0.2875,2.0
-1.0,0.3958333333333333,3.0
-1.0,0.2916666666666667,3.0
1.0,0.6,4.0
-1.0,0.0,2.0
1.0,0.2871794871794872,5.0
-1.0,0.35000000000000003,3.0
-1.0,0.047222222222222235,2.0
1.0,0.8,5.0
1.0,0.21,4.0
-1.0,0.40625,2.0
1.0,0.43333333333333335,5.0
-1.0,-0.3861111111111111,1.0
-1.0,0.3111111111111111,3.0
1.0,0.22777777777777775,5.0
1.0,0.35,5.0
1.0,0.5,4.0
1.0,0.30476190476190473,4.0
1.0,0.6166666666666667,5.0
-1.0,0.1325396825396825,1.0
-1.0,0.16944444444444448,1.0
-1.0,0.19387755102040816,3.0
1.0,0.3,4.0
-1.0,-0.1017857142857143,2.0
-1.0,-0.09999999999999992,3.0
1.0,0.5,5.0
-1.0,0.5,1.0
1.0,0.7000000000000001,4.0
-1.0,0.3625,1.0
1.0,0.5,5.0
-1.0,0.25,4.0
1.0,0.8,5.0
-1.0,0.2333333333333334,1.0
1.0,0.8,4.0
-1.0,0.26666666666666666,3.0
-1.0,0.0,2.0
-1.0,-0.20277777777777775,2.0
1.0,0.3872727272727273,5.0
1.0,0.475,5.0
1.0,0.3666666666666667,5.0
-1.0,0.8,1.0
-1.0,0.3462500000000001,3.0
-1.0,0.5,3.0
-1.0,0.45,3.0
-1.0,0.0,1.0
1.0,0.6,5.0
1.0,0.5,5.0
-1.0,0.225,1.0
-1.0,0.0,3.0
1.0,0.6777777777777777,5.0
1.0,0.5333333333333333,4.0
-1.0,0.4366666666666667,1.0
-1.0,0.12,2.0
1.0,1.0,4.0
-1.0,0.8,3.0
-1.0,0.2875,3.0
-1.0,0.2791666666666667,2.0
1.0,0.39375,5.0
-1.0,0.011043123543123545,1.0
-1.0,0.1040816326530612,1.0
-1.0,0.0,1.0
-1.0,0.10208333333333336,2.0
1.0,0.4121212121212121,5.0
1.0,0.6333333333333334,4.0
1.0,0.5,5.0
1.0,0.5,5.0
-1.0,-0.025,2.0
1.0,0.1,5.0
1.0,0.3,4.0
-1.0,-0.13055555555555556,2.0
1.0,0.6,4.0
-1.0,0.0,2.0
1.0,0.5583333333333333,5.0
1.0,0.5333333333333333,5.0
-1.0,-0.00833333333333334,2.0
-1.0,-0.1,3.0
1.0,0.21428571428571427,5.0
1.0,0.85,5.0
-1.0,0.7,1.0
1.0,0.6333333333333334,5.0
-1.0,0.2476190476190476,3.0
1.0,0.4266666666666665,5.0
-1.0,0.0,1.0
1.0,0.4699724517906336,5.0
-1.0,0.3821428571428571,3.0
-1.0,0.2009259259259259,2.0
-1.0,0.15277777777777776,3.0
1.0,0.5125,4.0
-1.0,0.0,1.0
1.0,0.45,5.0
1.0,0.5375000000000001,5.0
-1.0,0.4785714285714286,3.0
1.0,0.5,4.0
1.0,0.4125,4.0
1.0,0.4666666666666667,5.0
1.0,0.026262626262626248,4.0
-1.0,-0.05,1.0
1.0,0.4500000000000001,5.0
1.0,0.25,5.0
1.0,0.4777777777777778,4.0
1.0,0.5444444444444444,5.0
-1.0,0.31875,1.0
1.0,0.625,5.0
1.0,0.4833333333333333,5.0
1.0,0.5107142857142858,4.0
1.0,0.8,5.0
-1.0,-0.016666666666666663,2.0
1.0,0.5,4.0
1.0,0.5666666666666667,5.0
1.0,0.45,4.0
-1.0,-0.3642857142857143,1.0
1.0,0.4735714285714286,5.0
1.0,0.14666666666666667,5.0
-1.0,0.0,3.0
-1.0,0.0,3.0
1.0,0.7666666666666666,5.0
1.0,0.4666666666666666,4.0
-1.0,0.0,2.0
-1.0,0.37875,3.0
1.0,0.4625,5.0
1.0,0.0,5.0
-1.0,1.0,5.0
-1.0,-0.02500000000000001,1.0
1.0,0.07708333333333334,4.0
-1.0,0.4125,3.0
1.0,1.0,5.0
-1.0,0.14060606060606062,1.0
1.0,0.0,4.0
-1.0,0.6499999999999999,4.0
-1.0,0.15,3.0
-1.0,0.2038095238095238,3.0
1.0,0.4416666666666667,5.0
1.0,0.21666666666666665,4.0
-1.0,0.0,3.0
1.0,0.75,4.0
1.0,0.26666666666666666,5.0
1.0,0.9,5.0
1.0,0.6444444444444445,5.0
-1.0,0.2625,1.0
-1.0,-0.3035714285714285,2.0
1.0,0.1583333333333333,5.0
-1.0,0.0,1.0
-1.0,0.1,1.0
1.0,0.4666666666666666,5.0
1.0,0.5333333333333333,5.0
1.0,0.65,5.0
-1.0,0.13666666666666666,1.0
-1.0,-0.10000000000000003,1.0
-1.0,0.03571428571428571,3.0
1.0,0.3555555555555556,4.0
-1.0,-0.30000000000000004,2.0
-1.0,0.4583333333333333,3.0
-1.0,0.16948051948051948,1.0
-1.0,0.58,3.0
1.0,0.4111111111111112,5.0
-1.0,-0.04,1.0
-1.0,0.0,2.0
-1.0,-0.3055555555555555,1.0
-1.0,0.6,1.0
-1.0,0.009523809523809535,3.0
-1.0,-0.008333333333333321,1.0
1.0,0.4,5.0
-1.0,-0.10916666666666666,1.0
1.0,0.35,5.0
-1.0,0.2125,1.0
1.0,0.0,3.0
1.0,0.0,4.0
-1.0,0.0,2.0
1.0,0.20654761904761906,5.0
-1.0,0.06428571428571431,1.0
-1.0,0.25,3.0
-1.0,0.375,4.0
-1.0,0.033333333333333354,1.0
1.0,0.7166666666666667,5.0
1.0,0.17777777777777778,4.0
-1.0,0.0,4.0
-1.0,-0.03333333333333336,2.0
1.0,0.1869047619047619,5.0
1.0,-0.05000000000000005,4.0
1.0,0.2833333333333334,5.0
-1.0,0.4571428571428572,3.0
-1.0,0.5,3.0
1.0,0.18,5.0
-1.0,-0.25,4.0
-1.0,0.1939102564102564,3.0
-1.0,0.0,3.0
-1.0,0.18333333333333332,4.0
1.0,0.2383333333333333,5.0
-1.0,0.25,3.0
1.0,0.8,5.0
1.0,0.5666666666666667,4.0
-1.0,0.4444444444444444,1.0
-1.0,0.7,1.0
-1.0,-0.75,2.0
1.0,0.5,5.0
1.0,0.2685185185185185,5.0
-1.0,0.75,5.0
1.0,0.1708333333333333,4.0
1.0,0.44666666666666666,5.0
-1.0,0.4166666666666667,2.0
1.0,0.25158730158730164,4.0
-1.0,0.07142857142857142,2.0
1.0,0.3833333333333333,5.0
-1.0,0.07272727272727274,4.0
-1.0,0.2066666666666667,3.0
1.0,0.4777777777777778,4.0
-1.0,0.0,1.0
-1.0,0.0,3.0
-1.0,0.0,4.0
-1.0,0.23673469387755106,3.0
1.0,0.3,2.0
-1.0,-0.2,2.0
-1.0,-1.0,1.0
-1.0,0.09571428571428572,3.0
-1.0,-0.01666666666666664,4.0
-1.0,-0.2916666666666667,4.0
-1.0,0.25,3.0
-1.0,-0.13055555555555556,3.0
